full_address,name,salesman
"1600 East Dakota Avenue, Pierre, SD 57501",River Cities Public Transit,Mike Klauda
"205 North 4th Street, Aberdeen, SD 57401",Aberdeen Ride Line,Mike Klauda
"418 Western Avenue, Brookings, SD 57006",Brookings Area Transit Authority,Mike Klauda
"901 East 7th Street, Yankton, SD 57078",Yankton Transit,Mike Klauda
"700 East Broadway Avenue, Pierre, SD 57501",State of South Dakota - DOT,Mike Klauda
"2651 University Avenue SE, Minneapolis, MN 55414-3207",J.A. Wedum Foundation,Mike Klauda
"2845 Hamline Avenue North, Roseville, MN 55113",Presbyterian Homes & Services,Mike Klauda
"10985 Lake Blvd, Chisago City, MN 55013",Chisago Lakes Achieve Center,Mike Klauda
"218 Main Street South, Hutchinson, MN 55350","West Central Industries, Inc (WCI)",Mike Klauda
"427 East 10th Street, Litchfield, MN 55355","ProWorks, Inc",Mike Klauda
"20 West 12th Street, St. Paul, MN 55155",Disabled American Veterans of MN,Mike Klauda
"330 US Highway 14, Tyler, MN 56178",Hope DAC,Mike Klauda
,"West Central Industries, Inc (Willmar office)",Mike Klauda
"2225 28th Street, Slayton, MN 56172",Murray County DAC,Mike Klauda
"1901 Delafield St., Waukesha, Wi 53188",Waukesha Police Department,Mike Klauda
"11550 Rupp Drive, Burnsville, MN 55337",Minnesota Valley Transit Authority,Mike Klauda
"2015 Tumble Weed Trail, Spearfish, SD 57783",Prairie Hills Transit,Mike Klauda
"3003 Snelling Avenue North, St, Paul, MN 55113",University of Northwestern - St. Paul,Mike Klauda
"11785 Justen Circle, Maple Grove, MN 55369",Midwest ParaTransit Services,Mike Klauda
,MN Party Bus,Mike Klauda
"12800 Arbor Lakes Parkway North, Maple Grove, MN 55369",City of Maple Grove,Mike Klauda
"4001 NW 19th Avenue, Rochester, MN 55901",Benedictine Health - Madonna Towers,Mike Klauda
"1424 Old Knoxville Hwy, Sevierville, TN 37876",Wilderness at the Smokies,Mike Klauda
,The Free Book Buggie,Mike Klauda
"9 Rustic Lodge West, Minneapolis, MN 55419","TRUST, Inc",Mike Klauda
,Beacon Mobility,Mike Klauda
"423 1ST AVE, EDGERTON, MN 56128",EDGERTON SCHOOL DISTRICT #581-01,Paul Fiereck
"930 40TH nw, ROCHESTER, MN 55901",BOYS AND GIRLS CLUB OF ROCHESTER,Paul Fiereck
"3810 180th Ave NE, ST CHARLES, MN 55972",Mueller Bus Services,Paul Fiereck
"25874 COUNTY RD 37, ST. Charles, MN 55972",PAGEL BUS COMPANY-Sold to John Mueller,Paul Fiereck
"312 N SPRAGUE ST, CALEDONIA, MN 55921",SCHMITZ BUS SERVICE INC,Paul Fiereck
"1000 SHUMWAY AVE, FARIBAULT, MN 55021",SHATTUCK-ST MARY'S,Paul Fiereck
"1607 23RD AVE SE, ROCHESTER, MN 55904",WIEBOLD BUS,Paul Fiereck
"HWY 59 NORTH, FULDA, MN 56131","WITZEL BUS SERVICE, INC",Paul Fiereck
"330 3RD ST, BALATON, MN 56115",BALATON SCHOOL DISTRICT #411-01,Paul Fiereck
"560 Dunnell Drive # 211b, OWATONNA, MN 55060",RECOVERY SCHOOL OF SOUTHERN MN,Paul Fiereck
"500 SUNSET DR, JORDAN, MN 55352",JORDAN SCHOOL DISTRICT,Paul Fiereck
"700 E 2ND STREET, LYLE, MN 55953",LYLE PUBLIC SCHOOL DISTRICT #497,Paul Fiereck
,LYND SCHOOL DISTRICT #415,Paul Fiereck
,MILROY SCHOOL DISTRICT #635-01,Paul Fiereck
"PO BOX C ???, KENYON, MN 55946",BENGSTON BUS SERVICE,Paul Fiereck
"925 CHURCH AVE, ST CHARLES, MN 55972",ST CHARLES PUBLIC SCHOOL DISTRICT #858,Paul Fiereck
"201 LYNDALE AVE S, FAIRBAULT, MN 55021",THREE RIVER COMMUNITY ACTION,Paul Fiereck
,HENDRICKS PUBLIC SCHOOLS,Paul Fiereck
"203 2ND ST NW, ADAMS, MN 55909",SOUTHLAND PUBLIC SCHOOLS ISD 500,Paul Fiereck
,JACKSON CITY CENTRAL SCHOOL DISTRICT #2862,Paul Fiereck
,LAKE BENTON-VERDI SCHOOLS,Paul Fiereck
"710 4TH AVE NE, GRAND MEADOW, MN 55936",GRAND MEADOW SCHOOL DIST #495,Paul Fiereck
,Kennedy Bus Service,Paul Fiereck
"110 1ST ST NE, BLOOMING PRAIRIE, MN 55917",SEMCAC HEADSTART,Paul Fiereck
,HILLS BEAVER CREEK,Paul Fiereck
,IVANHOE SCHOOL DISTRICT #403-01,Paul Fiereck
,LAMBERTON SCHOOL DISTRICT #2882,Paul Fiereck
"1 BULLDOG AVE, BALTIC, SD 57003",BALTIC SCHOOL DIST 49-1,Paul Fiereck
"13961 Maple Knoll Way, OSSEO, MN 55369",MILLLENIUM LEARNING CENTER,Paul Fiereck
"29110 DAVISSON AVE, RANDOLF, MN 55065",RANDOLPH SCHOOL DISTRICT #195-01,Paul Fiereck
,RTR SCHOOLS,Paul Fiereck
"PO BOX 40, ALBANY, MN 56307",ALBANY AREA SCHOOL #745,Paul Fiereck
"306 WEST ELM ST, HOUSTON, MN 55943",HOUSTON SCHOOL DISTRICT #294,Paul Fiereck
,MABLE CANTON,Paul Fiereck
"636 W 6TH ST, ST. CHARLES, MN 55972",HALEY BUS SERVICE St. Charles,Paul Fiereck
"100 KIRKWOOD E BOX 410, LANESBORO, MN 55949",ISD 229 LANESBORO PS,Paul Fiereck
"750 2ND AVE NE, MEDFORD, MN 55049",MEDFORD SD #763-01,Paul Fiereck
"509 8th Ave NE, PIPESTONE, MN 56164",PRIESTER BUS INC/ JASPER BUS SERVICE LLC,Paul Fiereck
"759 5TH ST, BRITTON, SD 57430",BRITTON-HECLA SCHOOL DISTRICT-45-4,Paul Fiereck
,"O'REILLY BUS ,",Paul Fiereck
"17877 PANAMA AVE, PRIOR LAKE, MN 55372","DEBAERE, RONALD LOUIS-Sold to Busse Stud. Trans.",Paul Fiereck
"230 5TH ST SE, GLENVILLE, MN 56036",GLENVILLE-EMMONS SCHOOL DISTRICT,Paul Fiereck
"344 8TH ST, WESTBROOK, MN 56183",WESTBROOK WALNUT GROVE SCHOOL DIST #2898,Paul Fiereck
"410 5TH ST WEST, CLEAR LAKE, SD 57226",DEUEL SCHOOL DISTRICT,Paul Fiereck
"628 Hwy 63 SE, STEWARTVILLE, MN 55976",Grisim School Bus Service,Paul Fiereck
"305 WEST 5TH AVE, LENNOX, SD 57039",LENNOX SCHOOL DISTRICT 41-4,Paul Fiereck
"2643 Oak Ave, SLAYTON, MN 56172",Ludolph Bros,Paul Fiereck
"400 Tennessee Ave, ADRIAN, MN 56110",Adrian Bus Company,Paul Fiereck
"615 S AVENUE, EYOTA, MN 55934-2916",ISD 533 DOVER EYOTA,Paul Fiereck
"820 MINNESOTA ST EAST, CANNON FALLS, MN 55009",CANNON FALLS SCHOOL DISTRICT,Paul Fiereck
"Po Box 226, WAYZATA, MN 55391","ADAM SERVICES, INC",Paul Fiereck
"47585 HWY 56 BLVD, KENYON, MN 55946",Helds Bus Service,Paul Fiereck
"233 1ST AVE SE, PINE ISLAND, MN 55963",PINE ISLAND SCHOOL DISTRICT #255-01,Paul Fiereck
"1400 S Saratoga st, Marshall, MN 56258",WESTERN COMMUNITY ACTION INC,Paul Fiereck
"709 NORTH KNISS, LUVERNE, MN 56156",LUVERNE PUBLIC SCHOOLS DIST #2184,Paul Fiereck
"705 N section Ave, Spring Vally, MN 55975",KINGSLAND SCHOOL DISTRICT,Paul Fiereck
"813 HWY 14 WEST, DODGE CENTER, MN 55927",ISD 2125 TRITON PUBLIC SCHOOLS,Paul Fiereck
,MINNESOTA VALLEY ACTION CITY,Paul Fiereck
"315 HIGHWAY 52 E, HARMONY, MN 55939",HARMONY TRANSIT INC.,Paul Fiereck
"1369 COUNTY 6, LA CRESENT, MN 55947","READY BUS LINES, LaCresent",Paul Fiereck
"5823 GRANITE CT SE, PRIOR LAKE, MN 55372",BUSSE STUDENT TRANSPORTATION,Paul Fiereck
"101 16TH ST NE, KASSON, MN 55944",KASSON MANTORVILLE SCHOOL DIST #204,Paul Fiereck
"1115 E 1ST STREET, FAIRMONT, MN 56031",MINNESOTA MOTOR BUS INC,Paul Fiereck
"150 5th st SW, HURON, SD 57350",HURON SCHOOL DIST 2-2,Paul Fiereck
"2410 W CITY LIMITS ROAD, YANKTON, SD 57078",YANKTON SCHOOL DISTRICT,Paul Fiereck
"18740 FAIRLAWN AVE, PRIOR LAKE, MN 55372",BERENS BUS CO INC,Paul Fiereck
"7001 HARRIET AVE  S, RICHFIELD, MN 55432",RICHFIELD PUBLIC SCHOOL DISTRICT #280,Paul Fiereck
"300 S SPLITROCK BLVD, BRANDON, SD 57005",BRANDON VALLEY SCHOOL 49-2,Paul Fiereck
"2615 1ST AVE NW, FAIRBAULT, MN 55021",FAIRBAULT TRANSPORTATION,Paul Fiereck
"PO BOX 87, MISSION, SD 57555",TODD COUNTY SCHOOL DISTRICT,Paul Fiereck
"1407 St John Ave, ALBERT LEA, MN 56007",Albert Lea Bus Company,Paul Fiereck
"103 NW DIVISION STREET, CHATFIELD, MN 55923",Bernards Bus Service Inc,Paul Fiereck
"2211 Edgewood Ave S, ST LOUIS PARK, MN 55426",St Louis Park Transportation,Paul Fiereck
"32611 NORTHFIELD BLVD, NORTHFIELD, MN 55057","BENJAMIN BUS SERVICE, INC.",Paul Fiereck
"6754 valley view road, EDINA, MN 55439",EDINA PUBLIC SCHOOL DISTRICT,Paul Fiereck
"1500 Travis Rd, MARSHALL, MN 56258","Southwest Coaches, Inc",Paul Fiereck
"5100 W 8TH STREET, SIOUX FALLS, SD 57107",SCHOOL BUS INC,Paul Fiereck
"7362 E POINT DOUGLAS ROAD S, COTTAGE GROVE, MN 55016",ISD 833 SOUTH WASHINGTON COUNTY SCHOOLS,Paul Fiereck
"4148 WINNETKA AVE NORTH, NEW HOPE, MN 55427",ROBBINSDALE AREA SCHOOLS ISD #281,Paul Fiereck
"1734 21ST ST, EDGERTON, MN 56128","HENDRIKS,MELVIN LEROY",Paul Fiereck
"79602 550th Ave, JACKSON, MN 56143",Southwest Coaches,Paul Fiereck
"115 S PARK ST SUITE 100, FAIRMONT, MN 56031",FAIRMONT PUBLIC SCHOOLS DIST #2752,Paul Fiereck
"550 ELIZABETH ST, EDGERTON, MN 56128",SOUTHWEST MINNESOTA CHRISTIAN HIGH,Paul Fiereck
"1400 North Dakota St, ABERDEEN, SD 57401",ABER CATHOLIC SCHOOL SYSTEM,Paul Fiereck
"1224 S 3RD ST, ABERDEEN, SD 57401",ABERDEEN,Paul Fiereck
"PO BOX 205, ONIDA, SD 57564",AGAR BLUNT ONIDA SD #58-3,Paul Fiereck
"PO BOX 198, 102ND E 5TH ST, ALCESTER, SD 57001",ALCESTER-HUDSON SCHOOL DISTRICT,Paul Fiereck
"400 School St, Lake Andes, SD 57356",ANDES CENTRAL SCHOOL DIST #11-1,Paul Fiereck
"306 S MAIN ST, ARLINGTON, SD 57212",ARLINTON,Paul Fiereck
"604 3RD ST, ARMOUR, SD 57313",ARMOUR SCHOOL,Paul Fiereck
"1224 N 1ST AVE, CALDWELL, ID 83605","ARMSTRONG,DANA AND CYNTHIA",Paul Fiereck
"210 N Pine St, Avon, SD 57315",AVON SCHOOL DISTRICT 4-1,Paul Fiereck
"2305 13TH AVE, BELLE FOURCHE, SD 57717",BELLE FOURCHE SCHOOL DISTRICT,Paul Fiereck
"402 2ND AVE, MARTIN, SD 57551",BENNETT COUNTY,Paul Fiereck
"301 W MAPLE ST, BERESFORD, SD 57004",BERESFORD SCHOOL DISTRICT,Paul Fiereck
"655 WALNUT ST, BIG STONE CITY, SD 57216",BIG STONE CITY,Paul Fiereck
"4640 N Lyndale Ave, Minneapolis, MN 55412",Bille Bus,Paul Fiereck
"200 E CARR ST, BISON, SD 57620",BISON SCHOOL DISTRICT,Paul Fiereck
"PO Box 134 540 HWY 218 S, BLOOMING PRAIRIE, MN 55924",Blooming Prairie Transportation-Sold to Owatonna Bus,Paul Fiereck
"960 N 10th St, Lake City, MN, MN 55041",Bluff Country Bus,Paul Fiereck
"1404 FIR ST, TYNDALL, SD 57006",BON HOMME SCHOOL DISTRICT-04-2,Paul Fiereck
"3083 2ND AVE, BOWDLE, SD 57428",BOWDLE SCOOL DISTRICT,Paul Fiereck
"130 N 6th St, Emery, SD 57332",BRIDGEWATER /EMERY,Paul Fiereck
"PO BOX 107, BRISTOL, SD 57219",BRISTOL SCHOOL DISTRICT-18-01,Paul Fiereck
"2310 8TH ST S, BROOKINGS, SD 57006",BROOKINGS SCHOOL DISTRICT -5-1,Paul Fiereck
"118 Church St S, Browns Valley, MN 56219",BROWNS VALLEY ISD 801 ( CONTRACTED TO SISSETON),Paul Fiereck
"900 WASHINGTON ST, BRUKE, SD 57523",BRUKE SCHOOL DISTRICT 26-2,Paul Fiereck
"1887 2ND AVE NW, BYRON, MN 55920",BYRON INDEPENDENT SCHOOL DIST 531,Paul Fiereck
"4919 HIGHWY 52 N, ROCHESTER, MN 55901",CITY KIDZ ACADEMY,Paul Fiereck
"1150 NORTHSHORE DR, NORTH SOUIX CITY, SD 57049",DAKOTA VALLEY SCHOOL DISTRICT,Paul Fiereck
"1216 N GARFIELD AVE, DELL RAPIDS, SD 57022",DELL RAPIDS SCHOOL DIST 49-3,Paul Fiereck
"405 3RD ST, DE SMET, SD 57231",DESMET SCHOOL DISTRICT #38-2,Paul Fiereck
"100 SCHOOL AVE, WHITE, SD 57276",DEUBROOK AREA SCHOOLS 5-6,Paul Fiereck
"PO BOX 385, DOLAND, SD 57436",DOLAND PUBLIC SCHOOL,Paul Fiereck
"400 PATRIOT DR, BOX ELDER, SD 57719",DOUGLAS SCHOOLS DIST #51-1,Paul Fiereck
,Dover Eyota School Dist,Paul Fiereck
"PO BOX 10, DUPREE, SD 57623",DUPREE SCHOOL DIST #64-2,Paul Fiereck
"715 EAST 14TH ST, SIOUX FALLS, SD 57104",EAST DAKOTA EDUCATIONAL COOPERATIVE,Paul Fiereck
,Eastern Carver County Schools,Paul Fiereck
"715 MOGUL WAY, EDGEMONT, SD 57735",EDGEMONT SCHOOL DISTRICT,Paul Fiereck
"PO BOX 317, ROSCOE, SD 57471",EDMUNDS CENTRAL,Paul Fiereck
,ELLSWORTH ISD 514,Paul Fiereck
"508 BUFFALO ST, ELKTON, SD 57026",ELKTON PUBLIC SCHOOLS,Paul Fiereck
"708 DAVIS AVE, ESTELLINE, SD 57234",ESTELLINE SCHOOL DISTRICT 28-2,Paul Fiereck
"320 S. 2ND ST, ETHAN, SD 57334",ETHAN SCHOOL DISTRICT 17-1,Paul Fiereck
"706 9TH ST, EUREKA, SD 57437",EUREKA SCHOOL DISTRICT 44-1,Paul Fiereck
"503 S 2ND AVE W, FAITH, SD 57626",FAITH SCHOOL DISTRICT 46-2,Paul Fiereck
"1114 COURT ST, FAULKTON, SD 57438",FAULKTON,Paul Fiereck
"600 WEST COMMUNITY DRICE, FLANDREAU, SD 57028",FLANDREAU PUBLIC SCHOOLS,Paul Fiereck
"515 MAIN AVE, FLORENCE, SD 57235",FLORENCE SCHOOL DISTRICT 14-1,Paul Fiereck
"840 Norman Ave North, Foley, MN, Mn 56329",Foley School Dist,Paul Fiereck
"106 WEST PROSPECT AVE, PIERRE, SD 57501",FORELL LIMOUSINE & BUS SERVICE,Paul Fiereck
"BOX 486, FREDERICK, SD 57441",FREDERICK AREA SCHOOL DISTRICT,Paul Fiereck
"1001 S WIPF ST, FREEMAN, SD 57029",FREEMAN PUBLIC SCHOOL DISTRICT 33-1,Paul Fiereck
"505 2ND  ST PO BOX C, GARRETSON, SD 57030",GARRETSON IDS #49-4,Paul Fiereck
"100  KINGSBURY ST, GAYVILLE, SD 57031",GAYVILLE-VIOLIN SCHOOL DISTRICT,Paul Fiereck
"100 E. KING AVE, GETTYSBURG, SD 57442",GETTYSBURG SCHOOL DISTRICT,Paul Fiereck
"16370 482ND AVE, REVILLO, SD 57259",GRANT-DEUEL,Paul Fiereck
"1200 LUTHER LN NE, WATERTOWN, SD 57201",GREAT PLAINS LUTHERAN HIGH SCHOOL,Paul Fiereck
"505 LOGAN ST, GREGORY, SD 57533",GREGORY SCHOOL DISTRICT 26-4,Paul Fiereck
"406 N 2ND ST, GROTON, SD 57445",GROTON ARE SCHOOL DISTRICT 06-6,Paul Fiereck
"44577 188TH ST, HAYTI, SD 57421",HAMLIN SCHOOL DISTRICT 28-3,Paul Fiereck
"230 6TH ST, ALEXANDRIA `, SD 57311",HANSON SCHOOL DISTRICT 30-1,Paul Fiereck
"12474 TIPPERARY, BUFFALO, SD 57720",HARDING COUNTY SCHOOL DISTRICT,Paul Fiereck
"200 WILLOW ST, HARRISBURG, SD 57032",HARRISBURG SCHOOL DISTRICT,Paul Fiereck
"111 N CEDAR ST, HENRY, SD 57243",HENRY SCHOOL DISTRICT 14-2,Paul Fiereck
"302 N MAIN ST, HERREID, SD 57632",HERREID INDEPENDENT SCHOOL DISTRICT,Paul Fiereck
"415 IOWA AVE SOUTH, HIGHMORE, SD 57345",HIGHMORE-HARROLD SCHOOL DISTRICT #34-2,Paul Fiereck
"488 MAIN ST, HILL CITY, SD 57745",HILL CITY SCHOOL DISTRICT,Paul Fiereck
"401 4TH AVE, TULARE, SD 57476",HITCHCOCK-TULARE SCHOOL DISTRICT,Paul Fiereck
"1609 UNIVERSITY AVE, HOT SPRINGS, SD 57747",HOT SPRINGS SCHOOL DISTRICT 23-2,Paul Fiereck
"1833 OSAUKA ROAD NE, SAUK RAPIDS, MN 56379-4530",INDEPENDENT SCHOOL DIST 047,Paul Fiereck
"2990 80TH st e, INVER GROVE HEIGHTS, MN 55076",INVER GROVE HEIGHTS #199,Paul Fiereck
"211 5TH ST, IPSWICH, SD 57451",IPSWICH PUBLIC SCHOOL 22-6,Paul Fiereck
"1897 Delaware Ave, Mendota Heights, MN 55118",ISD 197,Paul Fiereck
"406 W MAIN STREET, LEROY, MN 55951",ISD 499 LEROY-OSTRANDER SCHOOL,Paul Fiereck
"1630 4th St NE, Minneapolis, MN 55413",JOHN PAUL 11 ELEMENTARY,Paul Fiereck
"32130 STATE HWY 56, WALTHAM, MN 55982","K&G BUS SERVICE, LLC",Paul Fiereck
"800 BAYBERRY ST, KADOKA, SD 57543",KADOKA AREA SCHOOL DISTRICT,Paul Fiereck
,Kasson Mantorville School Distritct,Paul Fiereck
"905 N 7th St, LAKE CITY, MN 55041",Lake City Bus Lines-delete doug grisim,Paul Fiereck
"300 1ST ST NE, LAKE PRESTON, SD 57249",LAKE PRESTON PUBLIC SCHOOL,Paul Fiereck
,Lakes And Pines HeadStart,Paul Fiereck
,Lanesboro School Dist,Paul Fiereck
"206 CHESTNUT ST, LANGFORD, SD 57454",LANGFORD AREA SCHOOL DISTRICT 45-5,Paul Fiereck
"2211 Edgewood Ave S, MINNEAPOLIS, MN 55426",LAZER TRANSPORTATION SERVICE,Paul Fiereck
"320 SOUTH MAIN ST, LEAD, SD 57754",LEAD-DEADWOOD SCHOOL DIST 40-1,Paul Fiereck
"209 3RD ST W, LEMMON, SD 57638",LEMMON SCHOOL DIST #52-4,Paul Fiereck
"820 LEOLA AVE, LEOLA, SD 57456",LEOLA SCHOOL DISTRICT,Paul Fiereck
"406 West Main Street, Le Roy, MN, MN 55951",Leroy Ostrander Public School,Paul Fiereck
,Lewiston Altura Public Schools,Paul Fiereck
,LITTLE WOUND SCHOOL,Paul Fiereck
"5000 S WESTERN AVE, SIOUX FALLS, SD 57108",LUTHERAN HIGH SCHOOL,Paul Fiereck
,Lyle School District,Paul Fiereck
"201 S BIRCH AVE, PRESHO, SD 57568",LYMAN SCHOOL DISTRICT 42-1,Paul Fiereck
"800 9th st NE, Madison, SD 57042",MADISON CENTRAL SCHOOL DISTRICT 39-2,Paul Fiereck
"100 S CEDER, MARION, SD 57043",MARION SCHOOL DISTRICT 60-3,Paul Fiereck
"404 Ash St SW, ROSE CREEK, MN 55970",Mark Schmit (Schmit Bus),Paul Fiereck
"200 EAST ESSEX AVE S, SALEM, SD 57058",MCCOOK CENTRAL,Paul Fiereck
"135 MAIN, MCINTOSH, SD 57641",MCINTOSH SCHOOL DISTRICT 15-1,Paul Fiereck
"601 S MAIN ST, MCLAUGHIN, SD 57642",MCLAUGHLIN SCHOOL DISTRICT 15-2,Paul Fiereck
"1230 DOUGLAS ST, STURGIS, SD 57785",MEADE SCHOOL DISTRICT 46-1,Paul Fiereck
"1145 Medalion DR, MENDOTA HEIGHTS, MN 55120",MENDOTA HEIGHTS SCHOOLS SCHOOL DISTRICT 197,Paul Fiereck
"PO BOX 346, MENNO, SD 57045",MENNO PUBLIC SCHOOL,Paul Fiereck
"64671 120th St, ADAMS, MN 55909",Michael Schneider,Paul Fiereck
,MIDLAND HIGH SCHOOL,Paul Fiereck
"1001 EAST PARK AVE, MILLBANK, SD 57252",MILLBANK SCHOOL DISTRICT,Paul Fiereck
"623 E 4TH ST, MILLER, SD 57362",MILLER SCHOOL DISTRICT 29-4,Paul Fiereck
"2623 Kennedy St NE, Minneapolis, MN 55413",Minnesota Coaches,Paul Fiereck
"800 W 10TH AVE, MITCHELL, SD 57301",MITCHELL SCHOOL DISTRICT 17-2,Paul Fiereck
"1107 1ST AVE E, MOBRIDGE, SD 57601",MOBRIDGE-POLLOCK SCHOOL DISTRICT 62-6,Paul Fiereck
"309 S CHURCH AVE, MONTROSE, SD 57048",MONTROSE SCHOOL DISTRICT 43-2,Paul Fiereck
"400 EAST MAPLE, MORA, MN 55051",MORA PUBLIC SCHOOL DIST #332,Paul Fiereck
"PO BOX 128, NEW UNDERWOOD, SD 57761",NEW UNDERWOOD,Paul Fiereck
"501 DARTMOUTH, NEWELL, SD 57760",NEWELL SCHOOL DISTRICT,Paul Fiereck
"221 3RD ST, MELLETTE, SD 57461",NORTHWESTERN AREA SCHOOL DISTRICT,Paul Fiereck
"214 WEST 7TH ST, OELRICHS, SD 57763",OELRICHS SCHOOL,Paul Fiereck
"PO BOX 127, OGILVIE, MN 56358",OGILVIE SCHOOL DIST #333,Paul Fiereck
"220 WEST 2ND ST, RAMONA, SD 57054",OLDHAM-RAMONA SCHOOL,Paul Fiereck
"1145 Park Dr, Box 583, OWATONNA, MN 55060",Owatonna Bus Company,Paul Fiereck
"2211 Edgewood Ave S, St Louis Park, MN 55426",Park Adams,Paul Fiereck
"335 W 1ST ST, PARKER, SD 57053",PARKER SCHOOL DISTRICT,Paul Fiereck
"102 C SOUTH CHAPMAN DR, PARKSTON, SD 57366",PARKSTON SCHOOL DISTRICT 33-3,Paul Fiereck
"330 SCOTTIE AVE, PHILLIP, SD 57567",PHILLIP JAAKON SCHOOL DISTRICT 27-1,Paul Fiereck
"27784 County Rd 17, WINONA, MN 55987",Phillips Bus Service,Paul Fiereck
"211 S POPLAR AVE, PIERRE, SD 57501",PIERRE SCHOOL DISTRICT 32-2,Paul Fiereck
"210 E BROADWAY, PIERRE, SD 57501",PIERRE ST JOSEPH SCHOOL,Paul Fiereck
"404 E DAVENPORT, PLANKINTON, SD 57368",PLANKINTON SCHOOL,Paul Fiereck
,PLATTE-GEDDES COMMUNITY SCHOOL DISTRICT 11-5,Paul Fiereck
"300 6TH STREET, RAPID CITY, SD 57701",RAPID CITY AREA SCHOOL DIST 51-4,Paul Fiereck
"502 E 2ND ST, REDFIELD, SD 57469",REDFIELD PUBLIC SCHOOL,Paul Fiereck
,Rochester School District,Paul Fiereck
"41695 203RD ST, IROQUOIS, SD 57353",RON WHITES BUSING,Paul Fiereck
"po box 106, ROSHOLDT, SD 57260",ROSHOLT SCHOOL,Paul Fiereck
"102 SCHOOL ST, RUTLAND, SD 57057",RUTLAND SCHOOL DISTRICT 39-4,Paul Fiereck
,Safeway Bus,Paul Fiereck
"205 WEST ESSEX AVE, SALEM, SD 57058",SALEM ST MARYS CATHOLIC ELEMENTARY SCHOOL,Paul Fiereck
,Sauk Rapids ISD #47,Paul Fiereck
,Schafer Transportation,Paul Fiereck
"529 W 8th St, WABASHA, MN 55961",Schmidt Bus Co,Paul Fiereck
"404 ASH ST SW, ROSE CREEK, MN 55970","SCHMIT, MARK AND MARGARET",Paul Fiereck
"711 4TH ST, SCOTLAND, SD 57059",SCOTLAND SCHOOL DISTRICT 4-3,Paul Fiereck
"108 EAST DAKOTA, SELBY, SD 57472",SELBY AREA SCHOOL DISTRICT,Paul Fiereck
"206 School Street, BATESLAND, SD 57716",Iglala Lakota COUNTY SCHOOL DISTRICT,Paul Fiereck
"3100 W 41ST ST, SIOUX FALLS, SD 57105",SIOUX FALLS CATHOLIC SCHOOLS,Paul Fiereck
"6120 S CHARGER CIRCLE, SIOUX FALLS, SD 57108",SIOUX FALLS CHRISTIAN SCHOOLS,Paul Fiereck
"201 E 38TH ST, SIOUX FALLS, SD 57105",SIOUX FALLS SCHOOL DISTRICT,Paul Fiereck
"200 HANSINA AVE, VOLGA, SD 57071",SIOUX VALLEY SCHOOLS,Paul Fiereck
"516 8TH AVE W, SISSTON, SD 57262",SISSETON SCHOOL DISTRICT 54-2,Paul Fiereck
"234 #1 SCHOOL ST, LITTLE EAGLE, SD 57639",SITTING BULL SCHOOL,Paul Fiereck
"12250 SD HWY1806, WAKAPALA, SD 57658",SMEE  WAKAPALA,Paul Fiereck
"200 Hansina AVE, Volga, SD? 57071",SOUIX VALLEY SCHOOL DISTRICT #328-01,Paul Fiereck
"PO BOX 228, PLATTE, SD 57369",SOUTH CENTRAL SCHOOL DISTRICT 26-5,Paul Fiereck
"423 17TH AVE SE, ABERDEEN, SD 57401",SOUTH DAKOTA SCHOOL FOR THE BLIND AND VISUALLY IMPARED,Paul Fiereck
"2001 EAST 8TH ST, SIOUX FALLS, SD 57103",SOUTH DAKOTA SCHOOL FOR THE DEAF,Paul Fiereck
"1109 W CEDAR, BERESFORD, SD 57004",SOUTH EAST AREA COOPERATIVE,Paul Fiereck
"252 E ILLINOIS, SPEARFISH, SD 57783",SPEARFISH SCHOOL DISTRICT 40-2,Paul Fiereck
"807 NE BROADWAY ROOM 304, MINNEAPOLIS, MN 55413",SPECIAL SCHOOL DISTRICT NO. 1,Paul Fiereck
"502 East Warrior Drive, ST FRANCIS, SD 57572",ST FRANCIS INDIAN SCHOOL,Paul Fiereck
"812 N STATE AVE, DELL RAPIDS, SD 57022",ST MARYS CATHOLIC SCHOOL,Paul Fiereck
"03 E 2ND AVE, FT. PIERRE, SD 57532",STANLEY SCOUNTY 57-1,Paul Fiereck
"16 1st St, ADAMS, MN 55909",Steve Nagele,Paul Fiereck
"506 EAST MAIN ST, STICKNEY, SD 57374",STICKNEY PUBLIC SCHOOL,Paul Fiereck
"450 Christina CT, Zumbro Falls, MN 55991",Kennedy Transportation LLC,Paul Fiereck
"400 W SHERMAN AVE, SUMMIT, SD 57266",SUMMIT SCHOOL DISTRICT 54-6,Paul Fiereck
"400 SUNSHINE DR, MILLER, SD 57362",SUNSHINE BIBLE ACADEMY,Paul Fiereck
"131 N POPLAR AVE, TEA, SD 57064",TEA AREA SCHOOL DISTRICT,Paul Fiereck
"500 MAIN ST/ po box 1000, TIMBER LAKE, SD 57656",TIMBER LAKE SCHOOL,Paul Fiereck
"46450 252 ST, COLTON, SD 57018",TRI VALLEY SCHOOL DISTRICT,Paul Fiereck
,TRI-VALLEY OPPORTUNITY,Paul Fiereck
"105 S SLOAN, TRIPP, SD 57376",TRIPP-DELMONT SCHOOL DISTRICT,Paul Fiereck
"203 WEST PARK AVE, VIBORG, SD 57070",VIBORG-HURLEY PUBLIC SCHOOL,Paul Fiereck
"223 E 6TH ST, VOLGA, SD 57071",VOLGA CHRISTIAN SCHOOL,Paul Fiereck
"101 WALNUT AVE SW, WAGNER, SD 57380",WAGNER COMMUNITY SCHOOL,Paul Fiereck
"401 SOUTH BLVD SW, WALL, SD 57790",WALL SCHOOL DISTRICT 51-5,Paul Fiereck
"110 1ST AVE SW, WARNER, SD 57479",WARNER SCHOOL DISTRICT,Paul Fiereck
"200 9th St NE, WATERTOWN, SD 57201",WATERTOWN SCHOOL DIST NO 14-4,Paul Fiereck
"202 W SCHOOL ROAD, WAUBAY, SD 57273",WAUBAY SCHOOL DISTRICT 18-3,Paul Fiereck
"319 MARY PLACE, WAVERY, SD 57201",WAVERY/ SOUTH SHORESCHOOL,Paul Fiereck
"102 E 9TH AVE, WEBSTER, SD 57274",WEBSTER AREA SCHOOL DISTRICT,Paul Fiereck
"705 East 2nd St, Hartford, SD 57033",WEST CENTRAL PUBLIC SCHOOL 49-7,Paul Fiereck
"485 E 2ND ST, MISSION, SD 57555",WHITE EAGLE CHRISTIAN ACADEMY,Paul Fiereck
"502 E DIVISION ST, WHITE LAKE, SD 57383",WHITE LAKE SCHOOL DISTRICT 1-3,Paul Fiereck
"501 3rd St, White River, SD 57579",WHITE RIVER SCHOOL DISTRICT 47-1,Paul Fiereck
,WILLOW LAKE SCHOOL DISTRICT,Paul Fiereck
"800 ORDWAY ST, WILMOT, SD 57279",WILMOT SCHOOL DISTRICT,Paul Fiereck
"431 E 7TH ST, WINNER, SD 57580",WINNER SCHOOL DISTRICT 59-2,Paul Fiereck
"375 ASH ST, WOLSEY, SD 57384",WOLSEY-WESSINGTON SCHOOL DISTRICT,Paul Fiereck
"101 NORTH 2ND AVE, WOONSOCKET, SD 57385",WOONSOCKET SCHOOL DISTRICT 55-4,Paul Fiereck
"620 W 9TH ST, MOBRIDGE, SD 57601",ZION LUTHER,Paul Fiereck
"305 W. Industrial Road, Canton, SD 57013","Johnson Feeds, Inc. dba ABC Bus",Paul Fiereck
"715 Taft St, Minneapolis, MN 55413",Monarch Bus,Paul Fiereck
"18185 Vergus Ave, Prior Lake, MN 55372",Klingberg Bus Co,Paul Fiereck
"1047 Raymond Avenue, St. Paul, MN 55108",Aaccent Town Car & Limousine,Paul Fiereck
"100 MISSION DRIVE, PINE RIDGE, SD 57770",RED CLOUD INDIAN SCHOOL,Paul Fiereck
,Urban Learning Center,Paul Fiereck
"123 Crusader Avenue, West St. Paul, MN 55123",Crown of Life Lutheran School,Paul Fiereck
"102 2nd Av, Chester, SD 57016",Chester Area School District,Paul Fiereck
"8055 Wallace Road, Eden Prairie, MN 55344",Eden Prairie Schools,Paul Fiereck
"302 Dakota Ave North, Wessington Springs, SD 57382",Wessington Springs School Dist,Paul Fiereck
"PO Box 196, Bridgewater, South Dakota 57319",E&M Busline Inc,Paul Fiereck
"PO Box 2813, Rapid City, SD 57709",Rapid City Youth & Family Services,Paul Fiereck
"300 W 11th ST, Sioux Falls, SD 57104",EmBe,Paul Fiereck
"7848 SD HWY 28, Tronto, South Dakota 57286",Svennes Bus,Paul Fiereck
"245 Crazy Horse School Drive, Wanblee, South Dakota 57577",Crazy Horse School,Paul Fiereck
"200 South Loban, Colman, SD 57017",Colman-Egan,Paul Fiereck
"BOX 8, CLEARBROOK, MN 56634",CLEARBROOK-GONVICK DISTRICT #2311,Pete Dunn
"1404 3RD ST, WAUBUN, MN 56589","BEMENT, THOMAS MARVIN",Pete Dunn
"36974 COUNTY ROAD 66, CROSSLAKE, MN 56442",CROSSLAKE CUMMUNITY SCHOOLS,Pete Dunn
"1013 3rd st, WABUN, MN 56589",WABUN SCHOOL DISTRICT #435,Pete Dunn
,PINE POINT SCHOOL DISTRICT #25,Pete Dunn
"11416 Eckle Rd., BEMIDJI, MN 56601",Blom's Bus Service,Pete Dunn
,Johnson Bus Service,Pete Dunn
"437 Kroshus Drive, DILWORTH, MN 56529",Kuehl Bus Service,Pete Dunn
"PO Box 219, MOTLEY, MN 56466",Northwestern Transportation,Pete Dunn
,KVILHAUG & SON BUS SERVICE,Pete Dunn
,Kelly Richards,Pete Dunn
"123 3rd Ave SE, ROTHSAY, MN 56579",Tiger Transportation,Pete Dunn
"111 E BROADWAY ST, CLIMAX, MN 56523",CLIMAX PUBLIC SCHOOL DISTRICT #592,Pete Dunn
"260 MINNESOTA STREET SOUTH, PLUMMER, MN 56748",PLUMMER SCHOOL DIST #628,Pete Dunn
"BOX 100, OKLEE, MN 56742",OKLEE SCHOOL DIST #627,Pete Dunn
"201 N OSMUND AVE, GOODRIDGE, MN 56725",GOODRIDGE SCHOOLS,Pete Dunn
"114 N Fladeland ave, GRYGLA, MN 56727",GRYGLA SCHOOLS,Pete Dunn
"110 E CARPENTER AVE, BADGER, MN 56714",BADGER SCHOOL DISTRICT #676,Pete Dunn
"27 2nd st NW, ULEN, MN 56585",ULEN-HITTERDAL SCHOOL DIST 914,Pete Dunn
"401 CENTRAL AVE S, LANCASTER, MN 56735",LANCASTER SCHOOL DIST 356,Pete Dunn
"313 PARK AVE, FISHER, MN 56723",FISHER SCHOOL DISTRICT #600,Pete Dunn
"315 MAIN STREET W, LAPORTE, MN 56461",LAPORTE PUBLIC SCHOOL DIST #306,Pete Dunn
"BOX 39, HENDRUM, MN 56550",NORMAN COUNTY WEST SCHOOLS,Pete Dunn
"702 LAKE AVE, DETROIT LAKES, MN 56501",DETRIOT LAKES SCHOOL DISTRICTS #22,Pete Dunn
"308 West Main St, CLARISSA/eagle bend?, MN 56440",Eagle Valley Bus Service,Pete Dunn
"444 N Ash, HALLOCK, MN 56728",KITTSON CENTRAL DIST #2171,Pete Dunn
"BOX 399, RED LAKE FALLS, MN 56750",RED LAKE FALLS SCHOOLS,Pete Dunn
"100 southern ave E, UNDERWOOD, MN 56586",UNDERWOOD SCHOOL DISTRICT #550,Pete Dunn
"4838 HWY 75 S, MOORHEAD, MN 56560",Red River Trails,Pete Dunn
,KELLIHER SCHOOL DISTRICT #36,Pete Dunn
"1620 29TH AVE SOUTH, MOORHEAD, MN 56560",SCHUCK BUS SERVICE,Pete Dunn
"604 W Thorpe Avenue, ADA, MN 56510",ADA-BORUP-West SCHOOL DIST #2910,Pete Dunn
"BOX 68- 500 SCHOOL AVE, STEPHEN, MN 56757",STEPHEN ARGYLE CENTRAL #2856,Pete Dunn
"303 Pembina Trail St, KARLSTAD, MN 56732",TRI COUNTY SCHOOL DISTRICT #2358,Pete Dunn
"500 SCHOOL AVE, HENNING, MN 56551",HENNING PUBLIC SCHOOL DISTRICT 545,Pete Dunn
"25 12th Ave SW, PELICAN RAPIDS, MN 56572",Christianson Bus Company,Pete Dunn
"714 JOSEPH ST, HAWLEY, MN 56549",HAWLEY SCHOOL DISTRICT #150,Pete Dunn
"224 E BRIDGE ST, WARREN, MN 56762",WARREN/ALVARADO/OSLO DIST #21,Pete Dunn
"100 6th ave E, LAMBERTON, MN 56152","RED ROCK SCHOOLS, LAMBERTON",Pete Dunn
"408 MAIN AVE WEST, TWIN VALLEY, MN 56584",NORMAN COUNTY EAST SCHOOL DIST 2215,Pete Dunn
"904 FRONT ST SOUTH, BARNESVILLE, MN 56514",BARNESVILLE BUS CO INC,Pete Dunn
"23130 345TH ST SW, ERSKINE, MN 56535",WIN-E-MAC DIST #2609,Pete Dunn
"301 1st st E, FOSSTON, MN 56542",FOSSTON SCHOOL DISTRICT #601,Pete Dunn
,CLINTON GRAVEILLE SCHOOL DISTRICT #592,Pete Dunn
,NEVIS SCHOOL DISTRICT #308,Pete Dunn
"402 SUMMIT ST WEST, BATTLE LAKE, MN 56515",BATTLE LAKE DIST #542,Pete Dunn
"210 s mill st, FERTILE, MN 56540",FERTILE BELTRAMI SCHOOL DISTRICT #599,Pete Dunn
"PO BOX 479, LAKE PARK, MN 56554",LAKE PARK SCHOOL DISTRICT #24,Pete Dunn
"PO BOX 218 209 N.  HAYES AVE, NEW YORK MILLS, MN 56567",NEW YORK MILLS DIST #553,Pete Dunn
"PO BOX 1117, CASS LAKE, MN 56633",RIGGLES BUS SERVICE,Pete Dunn
"1110 RANDOLPH RD, DETROIT LAKES, MN 56502",SCHULTZ GARAGE & BUS COMPANY INC,Pete Dunn
"50363 317TH AVE, CASS LAKE, MN 56633",KENS BUS SERVICE,Pete Dunn
"PO BOX 70, GREENBUSH, MN 56726",GREENBUSH-MIDDLE RIVER SCHOOL DIST #2683,Pete Dunn
"810 BEEDE AVE, BRECKENRIDGE, MN 56520",BRECKENRIDGE SCHOOL DIST,Pete Dunn
"216 ASPEN AVE SE, MENAHGA, MN 56464",MENAHGA PUBLIC SCHOOLS 821,Pete Dunn
"402 FISHER AVE SUITE 593, CROOKSTON, MN 56716",CROOKSTON SCHOOL DIST #593,Pete Dunn
"15353 SILVER EAGLE DR NW, BENA, MN 56626",BUG-O-NAY-GE-SHIG SCHOOL,Pete Dunn
"705 Curry Ave, Box 349, DETRIOT LAKES, MN 56501",Olander Bus Service,Pete Dunn
,MOORHEAD SCHOOL DISTRICT #152,Pete Dunn
"BOX 4000, WALKER, MN 56484",WALKER/HACKENSACK SCHOOL DISTRICT #113,Pete Dunn
"202 BAGLEY AVE NW, BAGLEY, MN 56621",BAGLEY ISD #162,Pete Dunn
"510 CEDAR AVE, WARROAD, MN 56763",WARROAD SCHOOL DIST #690,Pete Dunn
"1900 13TH ST SE, EAST GRAND FORKS, MN 56721",EAST GRAND FORKS SCHOOLS,Pete Dunn
"4359 425th St, PERHAM, MN 56573",Bauck Bus LTD,Pete Dunn
"301 N HUNTSINGER, PARK RAPIDS, MN 56470",PARK RAPIDS SCHOOL DIST 309,Pete Dunn
"230 LABREE AVE S, THIEF RIVER FALLS, MN 56701",THIEF RIVER FALLS #564,Pete Dunn
"2139 100th Ave N, MOORHEAD, MN 56560",Richards Transportation,Pete Dunn
"PO BOX 499, REDLAKE, MN 56671",REDLAKE SCHOOL DIST #38,Pete Dunn
"100 W Juniper Ave, FRAZEE, MN 56544",Anderson Bus Company,Pete Dunn
"509 3RD ST N E, ROSEAU, MN 56751",ROSEAU SCHOOL DIST #682,Pete Dunn
,Reichert Enterprises,Pete Dunn
"3300 GILLETT DRIVE NW, BEMIDJI, MN 56601",BEMIDJI AREA SCHOOLS,Pete Dunn
"310 MINNESOTA AVE WEST, NEWFOLDEN, MN 56738",MARSHALL COUNTY CENTRAL SCHOOLS,Pete Dunn
"715 11TH ST N, MOORHEAD, MN 56560",LAKES AND PRAIRIE COMMUNITY,Pete Dunn
"312 N MAIN ST, BADGER, MN 56714","NORTHWEST COMMUNITY ACTION, INC",Pete Dunn
"2262 290th. St., WAUBURN, MN 56589",Bruce Borgrud,Pete Dunn
"3535 250TH AVE, OGEMA, MN 56569","DORMAN, TERRY",Pete Dunn
"2007 170 St N, GLYNDUN, MN 56547",Gary Leach,Pete Dunn
"39443 CTY 39, LAPORTE, MN 56461","TYSVER,WILLIAM OLIVER",Pete Dunn
,WITNER BUS,Pete Dunn
,"BENDICKSON, GARY",Pete Dunn
"115 W MONROE, MAHNOMEN, MN 56557",BRUGGEMAN BUS SERVICE,Pete Dunn
"Rt. 1 Box 203 A, OGEMA, MN 56569",Curt R Ballard,Pete Dunn
"PO Box 205, WAUBUN, MN 56589",Gary Borgrud,Pete Dunn
,Handyside Bus,Pete Dunn
,"HENDRICKS, MYRON",Pete Dunn
,Joyce Bendickson,Pete Dunn
,KEN WITNER,Pete Dunn
"1304 SECOND ST, WAUBUN, MN 56589",KERSTING BUS SERVICE,Pete Dunn
"1304 2nd. St., WAUBUN, MN 56589",Mark Kersting,Pete Dunn
"700 Trosky Rd E, EDGERTON, MN 56128",Melvin Hendricks,Pete Dunn
"34679 210th Ave, OGEMA, MN 56569",Mitch Ballard,Pete Dunn
"1346 238th.St., MAHOMEN, MN 56557",Myron Hendrickson,Pete Dunn
"2139 100TH AVE N, MOORHEAD, MN 56560","OLSON SCHOOL AND CHARTER BUS SERVICE, INC",Pete Dunn
,Randy Bartos,Pete Dunn
"2377 130th Ave, MAHNOMEN, MN 56557",Robin Bendickson,Pete Dunn
"901 Park Ave S, GLYDON, MN 56547",Seter Transportation,Pete Dunn
"PO BOX 151 1420 4TH AV NW, EAST GRAND FORKS, MN 56721",INDEPENDENT SCHOOL DISTRICT #595,Pete Dunn
,MAHNOMEN PUBLIC SCHOOLS,Pete Dunn
"300 NORTH 17TH ST, MOORHEAD, MN 56560",PARK CHRISTIAN SCHOOL,Pete Dunn
"BOX 7, PLUMMER, MN 56748",RED LAKE COUNTY CENTRAL,Pete Dunn
"122 3RD ST NW, EAST GRAND FORKS, MN 56721",SACRED HEART SCHOOLS,Pete Dunn
"200 1ST ST N W, SEBEKA, MN 56477",SEBEKA SCHOOL DIST #820,Pete Dunn
,WADENA-DEER CREEK SCHOOLS #2155,Pete Dunn
"208 CENTRAL AVE, CASSLAKE, MN 56633",CASS LAKE SCHOOLS,Pete Dunn
"ROUTE 3 BOX 100, CASS LAKE, MN 56633",LEECH LAKE HEAD START,Pete Dunn
"PO BOX 53, RED LAKE, MN 56671",RED LAKE NATION HEAD START,Pete Dunn
"P.O. Box 550, Blackduck, MN 56630-0342",Blackduck Public School District 32,Pete Dunn
"35233 Mission Road, White Earth, MN 56591",Circle of Life Academy,Pete Dunn
"1125 W RIVER RD., DETROIT LAKES, MN 56501",MAHUBE-OTWA COMMUNITY ACTION,Pete Dunn